scenario,mean_score,mean_score_shift,top_10pct_overlap,roc_auc,brier_score
baseline,0.21937786396219516,0.0,1.0,0.7746560442803202,0.1365079313500503
reversed_history,0.20239932802239363,-0.01697853593980153,0.623,0.7409143210540443,0.14974329018359467
latest_month_unavailable,0.20213086279153444,-0.01724700117066072,0.8203333333333334,0.7426998779645744,0.14583145321182386
latest_payment_feed_missing,0.21959275534074418,0.0002148913785490203,0.997,0.7739633258030597,0.1366450020330726
delinquency_feed_missing,0.12423232149187319,-0.09514554247032198,0.10333333333333333,0.6138749869842983,0.17764252146713722
latest_utilisation_plus_20pct,0.2204430537498985,0.0010651897877033412,0.979,0.7734627888698903,0.136749638984777
shared_random_permutation,0.21477137289345646,-0.0046064910687386995,0.7583333333333333,0.7534041026317362,0.1455590281094064
