model,roc_auc,average_precision,brier_score,ece_10,calibration_intercept,calibration_slope,recall_at_10pct,exposure_capture_at_10pct,training_seconds
Histogram gradient boosting,0.7839390646124716,0.5557237068936034,0.1338440472353755,0.0052146279005926294,0.00927820456677621,0.9993132871333152,0.31585292344786015,0.408420592546463,1.0341612150000117
TCN,0.7746560442803202,0.5440574838185692,0.1365079313500503,0.007311998059187505,0.024334079391677928,1.0101951847208885,0.3063592525617842,0.3491072952747345,8.78949698400001
LSTM,0.7711356097834321,0.5268196496820412,0.13778906829817292,0.008129028201465377,0.018087284957004762,1.0069863458681143,0.2962628089210368,0.3419397175312042,6.474017914999962
Transformer,0.7708536244124101,0.5178931092544303,0.1391338986188026,0.005279324097998011,0.018343463514775237,1.011278145816265,0.2909885473176612,0.32234036922454834,9.788477452000024
